{
  "users": [
    {
      "firstname": "Rupesh",
      "lastname": "Mestry",
      "username": "rupesh.mestry",
      "email": "sdfd@fff.com",
      "password": "111111",
      "confirmPassword": "111111",
      "roleKey": "role2",
      "id": 1
    },
    {
      "firstname": "Rupesh",
      "lastname": "Mestry",
      "username": "johndf",
      "email": "ramc@g.com",
      "password": "111111",
      "confirmPassword": "111111",
      "roleKey": "role1",
      "id": 3
    },
    {
      "firstname": "Rupesh",
      "lastname": "Mestry",
      "username": "rupesh.mestry",
      "email": "ramchat007@gmail.com",
      "password": "111111",
      "confirmPassword": "111111",
      "roleKey": "role1",
      "id": 4
    }
  ],
  "roledata": [
    {
      "id": 1,
      "roleLabel": "Role 1",
      "roleKey": "role1"
    },
    {
      "id": 2,
      "roleLabel": "Role 2",
      "roleKey": "role2"
    },
    {
      "id": 3,
      "roleLabel": "Role 3",
      "roleKey": "role3"
    },
    {
      "id": 4,
      "roleLabel": "Role 4",
      "roleKey": "role4"
    }
  ]
}
